uuid,label
1,CN
2,CN
3,CN
4,CN
5,CN
6,CN
7,CN
8,CN
9,CN
10,CN
11,CN
12,CN
13,CN
14,CN
15,CN
16,CN
17,CN
18,CN
19,CN
20,CN
21,CN
22,CN
23,CN
24,CN
25,CN
26,CN
27,CN
28,CN
29,CN
30,CN
31,CN
32,CN
33,CN
34,CN
35,CN
36,CN
37,CN
38,CN
39,CN
40,CN
41,CN
42,CN
43,CN
44,CN
45,CN
46,CN
47,CN
48,CN
49,CN
50,CN
51,CN
52,CN
53,CN
54,CN
55,CN
56,CN
57,CN
58,CN
59,CN
60,CN
61,CN
62,CN
63,CN
64,CN
65,CN
66,CN
67,CN
68,CN
69,CN
70,CN
71,CN
72,CN
73,CN
74,CN
75,CN
76,CN
77,CN
78,CN
79,CN
80,CN
81,CN
82,CN
83,CN
84,CN
85,CN
86,CN
87,CN
88,CN
89,CN
90,CN
91,CN
92,CN
93,CN
94,CN
95,CN
96,CN
97,CN
98,CN
99,CN
100,CN
101,CN
102,CN
103,CN
104,CN
105,CN
106,CN
107,CN
108,CN
109,CN
110,CN
111,CN
112,CN
113,CN
114,CN
115,CN
116,CN
117,CN
118,CN
119,CN
120,CN
121,CN
122,CN
123,CN
124,CN
125,CN
126,CN
127,CN
128,CN
129,CN
130,CN
131,CN
132,CN
133,CN
134,CN
135,CN
136,CN
137,CN
138,CN
139,CN
140,CN
141,CN
142,CN
143,CN
144,CN
145,CN
146,CN
147,CN
148,CN
149,CN
150,CN
151,CN
152,CN
153,CN
154,CN
155,CN
156,CN
157,CN
158,CN
159,CN
160,CN
161,CN
162,CN
163,CN
164,CN
165,CN
166,CN
167,CN
168,CN
169,CN
170,CN
171,CN
172,CN
173,CN
174,CN
175,CN
176,CN
177,CN
178,CN
179,CN
180,CN
181,CN
182,CN
183,CN
184,CN
185,CN
186,CN
187,CN
188,CN
189,CN
190,CN
191,CN
192,CN
193,CN
194,CN
195,CN
196,CN
197,CN
198,CN
199,CN
200,CN
201,CN
202,CN
203,CN
204,CN
205,CN
206,CN
207,CN
208,CN
209,CN
210,CN
211,CN
212,CN
213,CN
214,CN
215,CN
216,CN
217,CN
218,CN
219,CN
220,CN
221,CN
222,CN
223,CN
224,CN
225,CN
226,CN
227,CN
228,CN
229,CN
230,CN
231,CN
232,CN
233,CN
234,CN
235,CN
236,CN
237,CN
238,CN
239,CN
240,CN
241,CN
242,CN
243,CN
244,CN
245,CN
246,CN
247,CN
248,CN
249,CN
250,CN
251,CN
252,CN
253,CN
254,CN
255,CN
256,CN
257,CN
258,CN
259,CN
260,CN
261,CN
262,CN
263,CN
264,CN
265,CN
266,CN
267,CN
268,CN
269,CN
270,CN
271,CN
272,CN
273,CN
274,CN
275,CN
276,CN
277,CN
278,CN
279,CN
280,CN
281,CN
282,CN
283,CN
284,CN
285,CN
286,CN
287,CN
288,CN
289,CN
290,CN
291,CN
292,CN
293,CN
294,CN
295,CN
296,CN
297,CN
298,CN
299,CN
300,CN
301,CN
302,CN
303,CN
304,CN
305,CN
306,CN
307,CN
308,CN
309,CN
310,CN
311,CN
312,CN
313,CN
314,CN
315,CN
316,CN
317,CN
318,CN
319,CN
320,CN
321,CN
322,CN
323,CN
324,CN
325,CN
326,CN
327,CN
328,CN
329,CN
330,CN
331,CN
332,CN
333,CN
334,CN
335,CN
336,CN
337,CN
338,CN
339,CN
340,CN
341,CN
342,CN
343,CN
344,CN
345,CN
346,CN
347,CN
348,CN
349,CN
350,CN
351,CN
352,CN
353,CN
354,CN
355,CN
356,CN
357,CN
358,CN
359,CN
360,CN
361,CN
362,CN
363,CN
364,CN
365,CN
366,CN
367,CN
368,CN
369,CN
370,CN
371,CN
372,CN
373,CN
374,CN
375,CN
376,CN
377,CN
378,CN
379,CN
380,CN
381,CN
382,CN
383,CN
384,CN
385,CN
386,CN
387,CN
388,CN
389,CN
390,CN
391,CN
392,CN
393,CN
394,CN
395,CN
396,CN
397,CN
398,CN
399,CN
400,CN
401,CN
402,CN
403,CN
404,CN
405,CN
406,CN
407,CN
408,CN
409,CN
410,CN
411,CN
412,CN
413,CN
414,CN
415,CN
416,CN
417,CN
418,CN
419,CN
420,CN
421,CN
422,CN
423,CN
424,CN
425,CN
426,CN
427,CN
428,CN
429,CN
430,CN
431,CN
432,CN
433,CN
434,CN
435,CN
436,CN
437,CN
438,CN
439,CN
440,CN
441,CN
442,CN
443,CN
444,CN
445,CN
446,CN
447,CN
448,CN
449,CN
450,CN
451,CN
452,CN
453,CN
454,CN
455,CN
456,CN
457,CN
458,CN
459,CN
460,CN
461,CN
462,CN
463,CN
464,CN
465,CN
466,CN
467,CN
468,CN
469,CN
470,CN
471,CN
472,CN
473,CN
474,CN
475,CN
476,CN
477,CN
478,CN
479,CN
480,CN
481,CN
482,CN
483,CN
484,CN
485,CN
486,CN
487,CN
488,CN
489,CN
490,CN
491,CN
492,CN
493,CN
494,CN
495,CN
496,CN
497,CN
498,CN
499,CN
500,CN
501,CN
502,CN
503,CN
504,CN
505,CN
506,CN
507,CN
508,CN
509,CN
510,CN
511,CN
512,CN
513,CN
514,CN
515,CN
516,CN
517,CN
518,CN
519,CN
520,CN
521,CN
522,CN
523,CN
524,CN
525,CN
526,CN
527,CN
528,CN
529,CN
530,CN
531,CN
532,CN
533,CN
534,CN
535,CN
536,CN
537,CN
538,CN
539,CN
540,CN
541,CN
542,CN
543,CN
544,CN
545,CN
546,CN
547,CN
548,CN
549,CN
550,CN
551,CN
552,CN
553,CN
554,CN
555,CN
556,CN
557,CN
558,CN
559,CN
560,CN
561,CN
562,CN
563,CN
564,CN
565,CN
566,CN
567,CN
568,CN
569,CN
570,CN
571,CN
572,CN
573,CN
574,CN
575,CN
576,CN
577,CN
578,CN
579,CN
580,CN
581,CN
582,CN
583,CN
584,CN
585,CN
586,CN
587,CN
588,CN
589,CN
590,CN
591,CN
592,CN
593,CN
594,CN
595,CN
596,CN
597,CN
598,CN
599,CN
600,CN
601,CN
602,CN
603,CN
604,CN
605,CN
606,CN
607,CN
608,CN
609,CN
610,CN
611,CN
612,CN
613,CN
614,CN
615,CN
616,CN
617,CN
618,CN
619,CN
620,CN
621,CN
622,CN
623,CN
624,CN
625,CN
626,CN
627,CN
628,CN
629,CN
630,CN
631,CN
632,CN
633,CN
634,CN
635,CN
636,CN
637,CN
638,CN
639,CN
640,CN
641,CN
642,CN
643,CN
644,CN
645,CN
646,CN
647,CN
648,CN
649,CN
650,CN
651,CN
652,CN
653,CN
654,CN
655,CN
656,CN
657,CN
658,CN
659,CN
660,CN
661,CN
662,CN
663,CN
664,CN
665,CN
666,CN
667,CN
668,CN
669,CN
670,CN
671,CN
672,CN
673,CN
674,CN
675,CN
676,CN
677,CN
678,CN
679,CN
680,CN
681,CN
682,CN
683,CN
684,CN
685,CN
686,CN
687,CN
688,CN
689,CN
690,CN
691,CN
692,CN
693,CN
694,CN
695,CN
696,CN
697,CN
698,CN
699,CN
700,CN
701,CN
702,CN
703,CN
704,CN
705,CN
706,CN
707,CN
708,CN
709,CN
710,CN
711,CN
712,CN
713,CN
714,CN
715,CN
716,CN
717,CN
718,CN
719,CN
720,CN
721,CN
722,CN
723,CN
724,CN
725,CN
726,CN
727,CN
728,CN
729,CN
730,CN
731,CN
732,CN
733,CN
734,CN
735,CN
736,CN
737,CN
738,CN
739,CN
740,CN
741,CN
742,CN
743,CN
744,CN
745,CN
746,CN
747,CN
748,CN
749,CN
750,CN
751,CN
752,CN
753,CN
754,CN
755,CN
756,CN
757,CN
758,CN
759,CN
760,CN
761,CN
762,CN
763,CN
764,CN
765,CN
766,CN
767,CN
768,CN
769,CN
770,CN
771,CN
772,CN
773,CN
774,CN
775,CN
776,CN
777,CN
778,CN
779,CN
780,CN
781,CN
782,CN
783,CN
784,CN
785,CN
786,CN
787,CN
788,CN
789,CN
790,CN
791,CN
792,CN
793,CN
794,CN
795,CN
796,CN
797,CN
798,CN
799,CN
800,CN
801,CN
802,CN
803,CN
804,CN
805,CN
806,CN
807,CN
808,CN
809,CN
810,CN
811,CN
812,CN
813,CN
814,CN
815,CN
816,CN
817,CN
818,CN
819,CN
820,CN
821,CN
822,CN
823,CN
824,CN
825,CN
826,CN
827,CN
828,CN
829,CN
830,CN
831,CN
832,CN
833,CN
834,CN
835,CN
836,CN
837,CN
838,CN
839,CN
840,CN
841,CN
842,CN
843,CN
844,CN
845,CN
846,CN
847,CN
848,CN
849,CN
850,CN
851,CN
852,CN
853,CN
854,CN
855,CN
856,CN
857,CN
858,CN
859,CN
860,CN
861,CN
862,CN
863,CN
864,CN
865,CN
866,CN
867,CN
868,CN
869,CN
870,CN
871,CN
872,CN
873,CN
874,CN
875,CN
876,CN
877,CN
878,CN
879,CN
880,CN
881,CN
882,CN
883,CN
884,CN
885,CN
886,CN
887,CN
888,CN
889,CN
890,CN
891,CN
892,CN
893,CN
894,CN
895,CN
896,CN
897,CN
898,CN
899,CN
900,CN
901,CN
902,CN
903,CN
904,CN
905,CN
906,CN
907,CN
908,CN
909,CN
910,CN
911,CN
912,CN
913,CN
914,CN
915,CN
916,CN
917,CN
918,CN
919,CN
920,CN
921,CN
922,CN
923,CN
924,CN
925,CN
926,CN
927,CN
928,CN
929,CN
930,CN
931,CN
932,CN
933,CN
934,CN
935,CN
936,CN
937,CN
938,CN
939,CN
940,CN
941,CN
942,CN
943,CN
944,CN
945,CN
946,CN
947,CN
948,CN
949,CN
950,CN
951,CN
952,CN
953,CN
954,CN
955,CN
956,CN
957,CN
958,CN
959,CN
960,CN
961,CN
962,CN
963,CN
964,CN
965,CN
966,CN
967,CN
968,CN
969,CN
970,CN
971,CN
972,CN
973,CN
974,CN
975,CN
976,CN
977,CN
978,CN
979,CN
980,CN
981,CN
982,CN
983,CN
984,CN
985,CN
986,CN
987,CN
988,CN
989,CN
990,CN
991,CN
992,CN
993,CN
994,CN
995,CN
996,CN
997,CN
998,CN
999,CN
1000,CN