uuid,label
172,CN
854,CN
594,CN
295,AD
530,CN
17,CN
471,CN
329,AD
900,AD
664,CN
915,CN
581,CN
793,AD
539,CN
590,CN
729,AD
987,CN
827,CN
766,CN
41,CN
164,AD
570,CN
312,CN
823,CN
402,CN
607,CN
161,CN
364,CN
904,AD
215,CN
12,AD
556,AD
491,CN
726,AD
682,AD
416,AD
839,CN
771,CN
526,CN
490,CN
144,CN
825,AD
207,CN
367,AD
134,AD
414,CN
744,CN
937,AD
633,CN
496,CN
806,CN
577,CN
146,AD
651,CN
961,AD
811,CN
22,AD
477,CN
962,AD
687,CN
554,AD
441,CN
638,CN
394,CN
174,CN
79,CN
262,CN
112,CN
67,CN
949,CN
748,AD
537,CN
756,CN
191,CN
881,CN
880,AD
736,CN
628,AD
832,CN
518,CN
73,CN
716,CN
454,CN
361,CN
352,CN
698,CN
498,CN
767,CN
861,CN
31,CN
334,AD
96,AD
306,CN
104,CN
993,CN
325,AD
244,CN
421,CN
427,CN
337,CN
996,CN
220,AD
510,AD
121,CN
943,CN
835,CN
513,CN
809,AD
700,AD
120,AD
469,CN
971,CN
550,AD
857,CN
525,CN
450,AD
928,CN
779,CN
866,CN
923,AD
384,CN
226,AD
838,AD
999,CN
271,AD
89,CN
202,CN
176,CN
385,CN
738,AD
429,CN
851,CN
1,CN
483,AD
803,CN
745,AD
544,CN
552,CN
630,CN
80,AD
372,CN
326,CN
61,CN
456,CN
897,CN
261,CN
98,AD
4,CN
814,CN
860,CN
654,CN
980,AD
656,CN
410,AD
60,CN
637,CN
855,CN
195,AD
50,CN
699,AD
541,AD
233,CN
260,AD
578,AD
473,CN
635,AD
963,CN
597,CN
309,CN
137,CN
591,CN
214,AD
799,AD
252,CN
995,CN
657,AD
596,CN
356,AD
690,CN
889,AD
10,CN
939,CN
893,AD
375,CN
850,CN
632,AD
896,CN
46,CN
304,CN
542,CN
926,CN
472,CN
558,CN
245,AD
97,CN
514,AD
99,AD
604,CN
898,CN
948,AD
884,CN
869,CN
95,CN
506,CN
122,AD
293,CN
150,CN
770,CN
576,CN
371,CN
310,AD
156,CN
292,AD
15,AD
973,AD
296,CN
647,CN
944,AD
787,CN
443,CN
420,CN
363,AD
934,CN
227,AD
794,CN
64,CN
24,AD
25,CN
600,CN
213,CN
846,CN
725,AD
183,CN
749,CN
873,CN
39,AD
458,AD
21,CN
113,CN
735,CN
649,AD
149,AD
40,CN
344,CN
617,CN
9,AD
349,CN
395,AD
42,AD
938,CN
276,CN
322,AD
916,CN
913,CN
117,AD
431,AD
357,CN
44,CN
302,CN
952,CN
436,CN
128,CN
181,AD
691,AD
457,AD
179,CN
520,CN
808,CN
415,AD
685,AD
203,CN
101,CN
789,AD
36,AD
287,CN
266,CN
467,AD
812,CN
623,AD
863,CN
588,AD
26,CN
488,CN
659,AD
66,CN
776,CN
910,CN
859,AD
946,CN
958,AD
393,AD
870,AD
977,AD
615,CN
852,CN
707,AD
610,CN
967,CN
138,CN
970,CN
201,CN
718,CN
849,CN
129,CN
912,AD
408,CN
755,CN
132,AD
954,CN
925,CN
569,CN
481,AD
783,CN
733,AD
540,AD
717,CN
57,AD
909,AD
70,CN
497,CN
694,CN
837,AD
842,CN
527,CN
848,CN
663,CN
927,CN
942,CN
373,CN
478,CN
424,AD
3,CN
920,AD
166,CN
249,AD
678,CN
86,AD
168,AD
969,CN
907,CN
391,CN
340,AD
55,AD
523,CN
412,CN
500,CN
447,AD
92,AD
167,CN
396,AD
548,CN
269,CN
886,CN
480,CN
194,CN
646,CN
232,AD
403,AD
388,AD
895,CN
888,CN
613,AD
892,AD
345,CN
160,CN
199,CN
746,CN
560,CN
286,CN
712,CN
360,CN
400,AD
715,AD
991,CN
267,CN
45,AD
665,AD
426,CN
930,CN
204,AD
695,CN
758,CN
217,AD
575,AD
494,CN
208,AD
243,CN
277,AD
362,CN
878,CN
645,AD
163,AD
732,CN
891,AD
777,CN
246,CN
824,CN
131,AD
950,AD
583,AD
428,CN
151,AD
675,CN
714,AD
365,CN
335,CN
81,CN
764,AD
784,CN
140,CN
259,AD
534,CN
110,CN
54,CN
182,CN
957,CN
559,CN
877,AD
219,CN
390,CN
847,CN
18,AD
404,AD
85,CN
155,AD
701,AD
381,AD
158,CN
154,CN
844,AD
706,AD
102,CN
508,CN
747,CN
728,AD
152,AD
723,CN
753,AD
822,AD
109,CN
341,AD
791,CN
392,CN
826,AD
672,CN
33,CN
743,AD
985,AD
354,CN
705,AD
84,AD
751,CN
634,CN
592,CN
228,AD
507,CN
669,CN
78,CN
147,CN
465,AD
674,AD
291,CN
439,AD
320,CN
956,CN
894,CN
673,CN
953,CN
549,CN
605,CN
192,CN
951,CN
91,CN
314,CN
727,CN
804,CN
82,CN
561,CN
551,CN
702,CN
686,AD
485,CN
535,CN
692,CN
316,AD
862,CN
222,CN
642,CN
125,AD
440,CN
557,CN
210,AD
342,CN
730,CN
432,CN
914,AD
644,CN
242,AD
397,CN
333,AD
417,CN
994,AD
992,AD
223,CN
933,CN
940,CN
196,CN
289,AD
409,AD
941,CN
598,CN
636,AD
327,CN
351,AD
386,AD
945,CN
509,CN
88,CN
609,AD
820,CN
318,AD
593,CN
418,CN
169,CN
359,CN
564,CN
810,CN
236,CN
139,CN
499,CN
48,CN
762,AD
37,CN
929,AD
493,AD
765,AD
466,CN
247,AD
193,CN
106,CN
754,CN
452,AD
833,AD
307,AD
737,AD
830,CN
348,CN
123,AD
346,CN
997,CN
599,CN
624,AD
709,AD
425,AD
868,AD
411,CN
750,CN
790,CN
626,CN
482,CN
124,AD
378,CN
818,CN
476,AD
430,CN
625,AD
983,AD
867,AD
94,CN
281,AD
622,CN
30,AD
76,CN
501,CN
721,CN
960,CN
283,AD
285,AD
455,CN
59,AD
27,AD
734,CN
254,AD
668,CN
741,CN
19,CN
763,CN
188,CN
935,CN
279,CN
740,CN
984,CN
976,CN
639,CN
631,CN
680,CN
264,AD
299,CN
502,CN
221,AD
580,CN
658,CN
512,AD
573,AD
407,CN
423,CN
603,AD
856,CN
20,CN
90,AD
218,CN
807,CN
442,AD
517,CN
187,CN
332,CN
143,AD
834,CN
572,CN
802,CN
107,CN
197,AD
256,CN
28,CN
931,AD
118,AD
616,CN
142,CN
148,CN
282,CN
32,CN
650,AD
547,AD
921,CN
460,CN
413,AD
100,AD
964,CN
831,CN
585,CN
290,CN
370,CN
382,CN
451,CN
719,CN
250,CN
75,CN
681,CN
114,CN
655,CN
170,CN
813,CN
947,CN
135,CN
63,CN
966,AD
782,AD
816,CN
545,AD
479,AD
358,CN
475,CN
459,CN
504,AD
990,CN
608,CN
998,CN
761,CN
462,CN
492,CN
119,CN
531,CN
13,CN
6,CN
185,CN
936,CN
268,AD
879,CN
49,CN
853,CN
453,CN
521,CN
383,AD
438,AD
621,CN
858,AD
693,AD
405,CN
258,CN
972,CN
52,CN
389,AD
871,AD
821,CN
180,AD
23,CN
14,AD
515,CN
798,AD
584,CN
68,AD
347,AD
470,AD
648,AD
641,AD
255,AD
795,AD
58,AD
532,CN
978,CN
567,CN
206,CN
524,AD
435,CN
461,CN
93,AD
239,CN
887,CN
74,AD
374,CN
275,AD
908,CN
178,CN
662,CN
224,AD
759,CN
752,CN
399,CN
538,CN
986,AD
703,CN
240,AD
53,AD
697,CN
917,CN
11,CN
606,CN
321,CN
965,AD
398,AD
620,CN
338,AD
618,CN
781,AD
568,CN
77,CN
317,AD
742,AD
446,CN
133,CN
722,AD
444,AD
449,CN
801,CN
315,CN
817,CN
919,AD
16,CN
629,CN
836,AD
278,CN
792,CN
368,AD
8,CN
184,CN
65,CN
355,AD
589,CN
5,AD
177,AD
330,CN
688,AD
865,AD
627,CN
683,CN
724,CN
313,AD
503,CN
981,AD
696,CN
778,CN
841,CN
689,AD
905,AD
216,CN
376,CN
105,CN
769,CN
911,AD
924,CN
815,CN
720,CN
796,CN
676,CN
975,CN
543,CN
840,CN
294,CN
876,AD
231,CN
72,CN
906,CN
189,AD
546,CN
165,CN
273,AD
234,CN
819,CN
379,CN
433,CN
571,AD
235,CN
369,CN
253,CN
272,CN
211,AD
667,AD
713,AD
536,CN
505,CN
489,CN
319,CN
175,CN
660,CN
339,CN
280,CN
298,AD
474,CN
652,CN
661,AD
562,CN
890,CN
843,CN
238,CN
248,AD
71,AD
198,CN
323,CN
611,CN
87,AD
153,AD
448,CN
828,AD
989,CN
516,CN
922,CN
974,AD
883,AD
108,AD
677,CN
760,CN
434,CN
739,AD
343,CN
979,CN
406,CN
380,CN
988,CN
774,CN
982,AD
614,CN
324,AD
190,AD
619,AD
422,CN
241,AD
297,CN
401,AD
300,CN
2,CN
463,AD
35,CN
237,CN
679,AD
141,CN
331,CN
595,CN
602,CN
116,CN
511,CN
882,CN
788,CN
56,CN
257,AD
305,CN
670,CN
486,AD
785,AD
959,CN
574,CN
932,AD
522,CN
786,CN
311,AD
229,CN
885,AD
263,CN
270,CN
212,CN
350,CN
43,CN
899,CN
529,CN
47,AD
225,CN
38,AD
464,CN
612,AD
901,CN
445,CN
130,AD
200,CN
968,AD
301,CN
103,CN
563,AD
7,CN
757,CN
69,CN
565,AD
419,AD
495,CN
487,CN
377,AD
265,CN
115,CN
579,CN
274,CN
875,CN
157,AD
918,CN
186,CN
666,CN
845,AD
587,CN
437,AD
903,AD
171,CN
640,CN
251,AD
533,CN
1000,CN
711,CN
353,CN
308,CN
127,CN
83,CN
829,AD
553,CN
284,CN
159,CN
230,CN
582,CN
528,CN
111,AD
62,CN
162,AD
780,CN
566,AD
34,CN
205,CN
468,AD
126,CN
136,CN
51,CN
772,AD
484,AD
773,AD
864,CN
775,AD
708,CN
29,CN
872,AD
328,CN
768,AD
387,AD
366,AD
731,CN
653,CN
519,CN
671,CN
173,AD
805,CN
555,CN
601,CN
303,CN
874,CN
209,AD
643,CN
704,CN
288,CN
797,CN
955,CN
800,CN
145,AD
586,CN
710,CN
902,CN
684,CN
336,CN
